{
	"class_name" : "PinholeCameraParameters",
	"extrinsic" : 
	[
		0.99917901420439226,
		-0.005988953093055048,
		-0.040067817689365959,
		0.0,
		0.03376812683469374,
		-0.42331108190671118,
		0.90535487050385155,
		0.0,
		-0.022383279107742859,
		-0.90596460216490748,
		-0.42276131379368903,
		0.0,
		-525522.65875827381,
		1646290.4667228716,
		-3497937.1743260627,
		1.0
	],
	"intrinsic" : 
	{
		"height" : 773,
		"intrinsic_matrix" : 
		[
			669.43763712537111,
			0.0,
			0.0,
			0.0,
			669.43763712537111,
			0.0,
			719.5,
			386.0,
			1.0
		],
		"width" : 1440
	},
	"version_major" : 1,
	"version_minor" : 0
}